NIVEL,CODIGO,DESTINO,POP_ATENDIDA,Physicians,Nurses,OtherCadres,CommunityBased,Beds,CTScanner,MRIUnit,Mammography,Radiotherapy
3,3227183,"Ajaccio",95903,190.84697,861.20894,240.71653,0,174.54346,1.9084697,1.6111704,1.4960868,0.9782106
3,3018443,"Bastia",45715,90.97285,410.5207,114.74465,0,83.2013,0.9097285,0.768012,0.713154,0.466293
3,2985947,"Porto-Vecchio",18786,37.38414,168.69828,47.15286,0,34.19052,0.3738414,0.3156048,0.2930616,0.1916172
3,6616385,"Borgo",28571,56.85629,256.56758,71.71321,0,51.99922,0.5685629,0.4799928,0.4457076,0.2914242
3,2988658,"Corte",22412,44.59988,201.25976,56.25412,0,40.78984,0.4459988,0.3765216,0.3496272,0.2286024
3,3029090,"Calvi",15327,30.50073,137.63646,38.47077,0,27.89514,0.3050073,0.2574936,0.2391012,0.1563354
3,3213049,"Furiani",15269,30.38531,137.11562,38.32519,0,27.78958,0.3038531,0.2565192,0.2381964,0.1557438
3,6431123,"Sartène",10719,21.33081,96.25662,26.90469,0,19.50858,0.2133081,0.1800792,0.1672164,0.1093338
3,3031801,"Bonifacio",3189,6.34611,28.63722,8.00439,0,5.80398,0.0634611,0.0535752,0.0497484,0.0325278
