NIVEL,CODIGO,DESTINO,POP_ATENDIDA,Physicians,Nurses,OtherCadres,CommunityBased,Beds,CTScanner,MRIUnit,Mammography,Radiotherapy
2,140002,"Amajari",13368,22.32456,16.0416,33.55368,0,35.69256,0.0882288,0.06684,0.0414408,0.0040104
2,140005,"Alto_Alegre",16866,28.16622,20.2392,42.33366,0,45.03222,0.1113156,0.08433,0.0522846,0.0050598
2,140010,"Boa_Vista",404859,676.11453,485.8308,1016.19609,0,1080.97353,2.6720694,2.024295,1.2550629,0.1214577
2,140015,"Bonfim",25133,41.97211,30.1596,63.08383,0,67.10511,0.1658778,0.125665,0.0779123,0.0075399
2,140030,"Mucajai",73945,123.48815,88.734,185.60195,0,197.43315,0.488037,0.369725,0.2292295,0.0221835
2,140045,"Pacaraima",27940,46.6598,33.528,70.1294,0,74.5998,0.184404,0.1397,0.086614,0.008382
2,140047,"Rorainopolis",59746,99.77582,71.6952,149.96246,0,159.52182,0.3943236,0.29873,0.1852126,0.0179238
