NIVEL,CODIGO,DESTINO,POP_ATENDIDA,Physicians,Nurses,OtherCadres,CommunityBased,Beds,CTScanner,MRIUnit,Mammography,Radiotherapy
3,120010,"Brasileia",75840,150.9216,681.0432,190.3584,0,138.0288,1.509216,1.274112,1.183104,0.773568
3,120020,"Cruzeiro_Do_Sul",114517,227.88883,1028.36266,287.43767,0,208.42094,2.2788883,1.9238856,1.7864652,1.1680734
3,120030,"Feijo",44261,88.07939,397.46378,111.09511,0,80.55502,0.8807939,0.7435848,0.6904716,0.4514622
3,120033,"Mancio_Lima",61421,122.22779,551.56058,154.16671,0,111.78622,1.2222779,1.0318728,0.9581676,0.6264942
3,120038,"Placido_De_Castro",37302,74.23098,334.97196,93.62802,0,67.88964,0.7423098,0.6266736,0.5819112,0.3804804
3,120040,"Rio_Branco",500136,995.27064,4491.22128,1255.34136,0,910.24752,9.9527064,8.4022848,7.8021216,5.1013872
3,120050,"Sena_Madureira",58795,117.00205,527.9791,147.57545,0,107.0069,1.1700205,0.987756,0.917202,0.599709
3,120060,"Tarauaca",45273,90.09327,406.55154,113.63523,0,82.39686,0.9009327,0.7605864,0.7062588,0.4617846
