NIVEL,CODIGO,DESTINO,POP_ATENDIDA,Physicians,Nurses,OtherCadres,CommunityBased,Beds,CTScanner,MRIUnit,Mammography,Radiotherapy
3,280030,"Aracaju",858140,1707.6986,7706.0972,2153.9314,0,1561.8148,17.076986,14.416752,13.386984,8.753028
3,280120,"Caninde_De_Sao_Francisco",85165,169.47835,764.7817,213.76415,0,155.0003,1.6947835,1.430772,1.328574,0.868683
3,280130,"Capela",749305,1491.11695,6728.7589,1880.75555,0,1363.7351,14.9111695,12.588324,11.689158,7.642911
3,280210,"Estancia",263313,523.99287,2364.55074,660.91563,0,479.22966,5.2399287,4.4236584,4.1076828,2.6857926
3,280300,"Itabaianinha",59045,117.49955,530.2241,148.20295,0,107.4619,1.1749955,0.991956,0.921102,0.602259
3,280350,"Lagarto",220327,438.45073,1978.53646,553.02077,0,400.99514,4.3845073,3.7014936,3.4371012,2.2473354
3,280450,"Nossa_Senhora_Da_Gloria",63368,126.10232,569.04464,159.05368,0,115.32976,1.2610232,1.0645824,0.9885408,0.6463536
3,280560,"Porto_Da_Folha",55539,110.52261,498.74022,139.40289,0,101.08098,1.1052261,0.9330552,0.8664084,0.5664978
3,280710,"Simao_Dias",103060,205.0894,925.4788,258.6806,0,187.5692,2.050894,1.731408,1.607736,1.051212
