NIVEL,CODIGO,DESTINO,POP_ATENDIDA,Physicians,Nurses,OtherCadres,CommunityBased,Beds,CTScanner,MRIUnit,Mammography,Radiotherapy
3,140002,"Amajari",13368,26.60232,120.04464,33.55368,0,24.32976,0.2660232,0.2245824,0.2085408,0.1363536
3,140005,"Alto_Alegre",16866,33.56334,151.45668,42.33366,0,30.69612,0.3356334,0.2833488,0.2631096,0.1720332
3,140010,"Boa_Vista",404859,805.66941,3635.63382,1016.19609,0,736.84338,8.0566941,6.8016312,6.3158004,4.1295618
3,140030,"Mucajai",99078,197.16522,889.72044,248.68578,0,180.32196,1.9716522,1.6645104,1.5456168,1.0105956
3,140045,"Pacaraima",27940,55.6006,250.9012,70.1294,0,50.8508,0.556006,0.469392,0.435864,0.284988
3,140047,"Rorainopolis",59746,118.89454,536.51908,149.96246,0,108.73772,1.1889454,1.0037328,0.9320376,0.6094092
